{
  "Version": 1,
  "ManifestType": "Build",
  "Endpoints": [
    {
      "Route": "CSS/site.css",
      "AssetFile": "CSS/site.css",
      "Selectors": [],
      "ResponseHeaders": [
        {
          "Name": "Accept-Ranges",
          "Value": "bytes"
        },
        {
          "Name": "Cache-Control",
          "Value": "no-cache"
        },
        {
          "Name": "Content-Length",
          "Value": "3209"
        },
        {
          "Name": "Content-Type",
          "Value": "text/css"
        },
        {
          "Name": "ETag",
          "Value": "\"5KjaAqkJIPtuVovcQAtBTDBKN1l91fFE6tauOg1ck6g=\""
        },
        {
          "Name": "Last-Modified",
          "Value": "Sat, 24 May 2025 07:44:50 GMT"
        }
      ],
      "EndpointProperties": [
        {
          "Name": "integrity",
          "Value": "sha256-5KjaAqkJIPtuVovcQAtBTDBKN1l91fFE6tauOg1ck6g="
        }
      ]
    },
    {
      "Route": "CSS/site.w94xl06ef6.css",
      "AssetFile": "CSS/site.css",
      "Selectors": [],
      "ResponseHeaders": [
        {
          "Name": "Accept-Ranges",
          "Value": "bytes"
        },
        {
          "Name": "Cache-Control",
          "Value": "max-age=31536000, immutable"
        },
        {
          "Name": "Content-Length",
          "Value": "3209"
        },
        {
          "Name": "Content-Type",
          "Value": "text/css"
        },
        {
          "Name": "ETag",
          "Value": "\"5KjaAqkJIPtuVovcQAtBTDBKN1l91fFE6tauOg1ck6g=\""
        },
        {
          "Name": "Last-Modified",
          "Value": "Sat, 24 May 2025 07:44:50 GMT"
        }
      ],
      "EndpointProperties": [
        {
          "Name": "fingerprint",
          "Value": "w94xl06ef6"
        },
        {
          "Name": "integrity",
          "Value": "sha256-5KjaAqkJIPtuVovcQAtBTDBKN1l91fFE6tauOg1ck6g="
        },
        {
          "Name": "label",
          "Value": "CSS/site.css"
        }
      ]
    },
    {
      "Route": "UskovWA.styles.css",
      "AssetFile": "UskovWA.styles.css",
      "Selectors": [],
      "ResponseHeaders": [
        {
          "Name": "Accept-Ranges",
          "Value": "bytes"
        },
        {
          "Name": "Cache-Control",
          "Value": "no-cache"
        },
        {
          "Name": "Content-Length",
          "Value": "2182"
        },
        {
          "Name": "Content-Type",
          "Value": "text/css"
        },
        {
          "Name": "ETag",
          "Value": "\"/WC9lkyhi8zl9LMxPwG2O3pe8y/cuQBD3Yw8ES2EjUI=\""
        },
        {
          "Name": "Last-Modified",
          "Value": "Mon, 26 May 2025 09:56:17 GMT"
        }
      ],
      "EndpointProperties": [
        {
          "Name": "integrity",
          "Value": "sha256-/WC9lkyhi8zl9LMxPwG2O3pe8y/cuQBD3Yw8ES2EjUI="
        }
      ]
    },
    {
      "Route": "UskovWA.vd9ucyk268.styles.css",
      "AssetFile": "UskovWA.styles.css",
      "Selectors": [],
      "ResponseHeaders": [
        {
          "Name": "Accept-Ranges",
          "Value": "bytes"
        },
        {
          "Name": "Cache-Control",
          "Value": "max-age=31536000, immutable"
        },
        {
          "Name": "Content-Length",
          "Value": "2182"
        },
        {
          "Name": "Content-Type",
          "Value": "text/css"
        },
        {
          "Name": "ETag",
          "Value": "\"/WC9lkyhi8zl9LMxPwG2O3pe8y/cuQBD3Yw8ES2EjUI=\""
        },
        {
          "Name": "Last-Modified",
          "Value": "Mon, 26 May 2025 09:56:17 GMT"
        }
      ],
      "EndpointProperties": [
        {
          "Name": "fingerprint",
          "Value": "vd9ucyk268"
        },
        {
          "Name": "integrity",
          "Value": "sha256-/WC9lkyhi8zl9LMxPwG2O3pe8y/cuQBD3Yw8ES2EjUI="
        },
        {
          "Name": "label",
          "Value": "UskovWA.styles.css"
        }
      ]
    },
    {
      "Route": "app.71tcdhy25q.css",
      "AssetFile": "app.css",
      "Selectors": [],
      "ResponseHeaders": [
        {
          "Name": "Accept-Ranges",
          "Value": "bytes"
        },
        {
          "Name": "Cache-Control",
          "Value": "max-age=31536000, immutable"
        },
        {
          "Name": "Content-Length",
          "Value": "4079"
        },
        {
          "Name": "Content-Type",
          "Value": "text/css"
        },
        {
          "Name": "ETag",
          "Value": "\"BTEbQ21nmWWCaApyHvNR4pM6UrespbNYyzD0BLuybxs=\""
        },
        {
          "Name": "Last-Modified",
          "Value": "Thu, 22 May 2025 15:35:56 GMT"
        }
      ],
      "EndpointProperties": [
        {
          "Name": "fingerprint",
          "Value": "71tcdhy25q"
        },
        {
          "Name": "integrity",
          "Value": "sha256-BTEbQ21nmWWCaApyHvNR4pM6UrespbNYyzD0BLuybxs="
        },
        {
          "Name": "label",
          "Value": "app.css"
        }
      ]
    },
    {
      "Route": "app.css",
      "AssetFile": "app.css",
      "Selectors": [],
      "ResponseHeaders": [
        {
          "Name": "Accept-Ranges",
          "Value": "bytes"
        },
        {
          "Name": "Cache-Control",
          "Value": "no-cache"
        },
        {
          "Name": "Content-Length",
          "Value": "4079"
        },
        {
          "Name": "Content-Type",
          "Value": "text/css"
        },
        {
          "Name": "ETag",
          "Value": "\"BTEbQ21nmWWCaApyHvNR4pM6UrespbNYyzD0BLuybxs=\""
        },
        {
          "Name": "Last-Modified",
          "Value": "Thu, 22 May 2025 15:35:56 GMT"
        }
      ],
      "EndpointProperties": [
        {
          "Name": "integrity",
          "Value": "sha256-BTEbQ21nmWWCaApyHvNR4pM6UrespbNYyzD0BLuybxs="
        }
      ]
    },
    {
      "Route": "bootstrap/bootstrap.min.bpk8xqwxhs.css",
      "AssetFile": "bootstrap/bootstrap.min.css",
      "Selectors": [],
      "ResponseHeaders": [
        {
          "Name": "Accept-Ranges",
          "Value": "bytes"
        },
        {
          "Name": "Cache-Control",
          "Value": "max-age=31536000, immutable"
        },
        {
          "Name": "Content-Length",
          "Value": "162720"
        },
        {
          "Name": "Content-Type",
          "Value": "text/css"
        },
        {
          "Name": "ETag",
          "Value": "\"z8OR40MowJ8GgK6P89Y+hiJK5+cclzFHzLhFQLL92bg=\""
        },
        {
          "Name": "Last-Modified",
          "Value": "Thu, 22 May 2025 11:13:30 GMT"
        }
      ],
      "EndpointProperties": [
        {
          "Name": "fingerprint",
          "Value": "bpk8xqwxhs"
        },
        {
          "Name": "integrity",
          "Value": "sha256-z8OR40MowJ8GgK6P89Y+hiJK5+cclzFHzLhFQLL92bg="
        },
        {
          "Name": "label",
          "Value": "bootstrap/bootstrap.min.css"
        }
      ]
    },
    {
      "Route": "bootstrap/bootstrap.min.css",
      "AssetFile": "bootstrap/bootstrap.min.css",
      "Selectors": [],
      "ResponseHeaders": [
        {
          "Name": "Accept-Ranges",
          "Value": "bytes"
        },
        {
          "Name": "Cache-Control",
          "Value": "no-cache"
        },
        {
          "Name": "Content-Length",
          "Value": "162720"
        },
        {
          "Name": "Content-Type",
          "Value": "text/css"
        },
        {
          "Name": "ETag",
          "Value": "\"z8OR40MowJ8GgK6P89Y+hiJK5+cclzFHzLhFQLL92bg=\""
        },
        {
          "Name": "Last-Modified",
          "Value": "Thu, 22 May 2025 11:13:30 GMT"
        }
      ],
      "EndpointProperties": [
        {
          "Name": "integrity",
          "Value": "sha256-z8OR40MowJ8GgK6P89Y+hiJK5+cclzFHzLhFQLL92bg="
        }
      ]
    },
    {
      "Route": "bootstrap/bootstrap.min.css.8inm30yfxf.map",
      "AssetFile": "bootstrap/bootstrap.min.css.map",
      "Selectors": [],
      "ResponseHeaders": [
        {
          "Name": "Accept-Ranges",
          "Value": "bytes"
        },
        {
          "Name": "Cache-Control",
          "Value": "max-age=31536000, immutable"
        },
        {
          "Name": "Content-Length",
          "Value": "449111"
        },
        {
          "Name": "Content-Type",
          "Value": "text/plain"
        },
        {
          "Name": "ETag",
          "Value": "\"gBwg2tmA0Ci2u54gMF1jNCVku6vznarkLS6D76htNNQ=\""
        },
        {
          "Name": "Last-Modified",
          "Value": "Thu, 22 May 2025 11:13:30 GMT"
        }
      ],
      "EndpointProperties": [
        {
          "Name": "fingerprint",
          "Value": "8inm30yfxf"
        },
        {
          "Name": "integrity",
          "Value": "sha256-gBwg2tmA0Ci2u54gMF1jNCVku6vznarkLS6D76htNNQ="
        },
        {
          "Name": "label",
          "Value": "bootstrap/bootstrap.min.css.map"
        }
      ]
    },
    {
      "Route": "bootstrap/bootstrap.min.css.map",
      "AssetFile": "bootstrap/bootstrap.min.css.map",
      "Selectors": [],
      "ResponseHeaders": [
        {
          "Name": "Accept-Ranges",
          "Value": "bytes"
        },
        {
          "Name": "Cache-Control",
          "Value": "no-cache"
        },
        {
          "Name": "Content-Length",
          "Value": "449111"
        },
        {
          "Name": "Content-Type",
          "Value": "text/plain"
        },
        {
          "Name": "ETag",
          "Value": "\"gBwg2tmA0Ci2u54gMF1jNCVku6vznarkLS6D76htNNQ=\""
        },
        {
          "Name": "Last-Modified",
          "Value": "Thu, 22 May 2025 11:13:30 GMT"
        }
      ],
      "EndpointProperties": [
        {
          "Name": "integrity",
          "Value": "sha256-gBwg2tmA0Ci2u54gMF1jNCVku6vznarkLS6D76htNNQ="
        }
      ]
    },
    {
      "Route": "favicon.ifv42okdf2.png",
      "AssetFile": "favicon.png",
      "Selectors": [],
      "ResponseHeaders": [
        {
          "Name": "Accept-Ranges",
          "Value": "bytes"
        },
        {
          "Name": "Cache-Control",
          "Value": "max-age=31536000, immutable"
        },
        {
          "Name": "Content-Length",
          "Value": "1148"
        },
        {
          "Name": "Content-Type",
          "Value": "image/png"
        },
        {
          "Name": "ETag",
          "Value": "\"4mWsDy3aHl36ZbGt8zByK7Pvd4kRUoNgTYzRnwmPHwg=\""
        },
        {
          "Name": "Last-Modified",
          "Value": "Thu, 22 May 2025 11:13:30 GMT"
        }
      ],
      "EndpointProperties": [
        {
          "Name": "fingerprint",
          "Value": "ifv42okdf2"
        },
        {
          "Name": "integrity",
          "Value": "sha256-4mWsDy3aHl36ZbGt8zByK7Pvd4kRUoNgTYzRnwmPHwg="
        },
        {
          "Name": "label",
          "Value": "favicon.png"
        }
      ]
    },
    {
      "Route": "favicon.png",
      "AssetFile": "favicon.png",
      "Selectors": [],
      "ResponseHeaders": [
        {
          "Name": "Accept-Ranges",
          "Value": "bytes"
        },
        {
          "Name": "Cache-Control",
          "Value": "max-age=3600, must-revalidate"
        },
        {
          "Name": "Content-Length",
          "Value": "1148"
        },
        {
          "Name": "Content-Type",
          "Value": "image/png"
        },
        {
          "Name": "ETag",
          "Value": "\"4mWsDy3aHl36ZbGt8zByK7Pvd4kRUoNgTYzRnwmPHwg=\""
        },
        {
          "Name": "Last-Modified",
          "Value": "Thu, 22 May 2025 11:13:30 GMT"
        }
      ],
      "EndpointProperties": [
        {
          "Name": "integrity",
          "Value": "sha256-4mWsDy3aHl36ZbGt8zByK7Pvd4kRUoNgTYzRnwmPHwg="
        }
      ]
    },
    {
      "Route": "images/BaseBackground.4gv548s0ub.jpg",
      "AssetFile": "images/BaseBackground.jpg",
      "Selectors": [],
      "ResponseHeaders": [
        {
          "Name": "Accept-Ranges",
          "Value": "bytes"
        },
        {
          "Name": "Cache-Control",
          "Value": "max-age=31536000, immutable"
        },
        {
          "Name": "Content-Length",
          "Value": "194193"
        },
        {
          "Name": "Content-Type",
          "Value": "image/jpeg"
        },
        {
          "Name": "ETag",
          "Value": "\"dJJ/TI8LFdBBenMiix6afHYp2nlDVULKz3fpvcbs2uk=\""
        },
        {
          "Name": "Last-Modified",
          "Value": "Thu, 22 May 2025 15:49:32 GMT"
        }
      ],
      "EndpointProperties": [
        {
          "Name": "fingerprint",
          "Value": "4gv548s0ub"
        },
        {
          "Name": "integrity",
          "Value": "sha256-dJJ/TI8LFdBBenMiix6afHYp2nlDVULKz3fpvcbs2uk="
        },
        {
          "Name": "label",
          "Value": "images/BaseBackground.jpg"
        }
      ]
    },
    {
      "Route": "images/BaseBackground.jpg",
      "AssetFile": "images/BaseBackground.jpg",
      "Selectors": [],
      "ResponseHeaders": [
        {
          "Name": "Accept-Ranges",
          "Value": "bytes"
        },
        {
          "Name": "Cache-Control",
          "Value": "max-age=3600, must-revalidate"
        },
        {
          "Name": "Content-Length",
          "Value": "194193"
        },
        {
          "Name": "Content-Type",
          "Value": "image/jpeg"
        },
        {
          "Name": "ETag",
          "Value": "\"dJJ/TI8LFdBBenMiix6afHYp2nlDVULKz3fpvcbs2uk=\""
        },
        {
          "Name": "Last-Modified",
          "Value": "Thu, 22 May 2025 15:49:32 GMT"
        }
      ],
      "EndpointProperties": [
        {
          "Name": "integrity",
          "Value": "sha256-dJJ/TI8LFdBBenMiix6afHYp2nlDVULKz3fpvcbs2uk="
        }
      ]
    }
  ]
}