{"ContentRoots":["C:\\Users\\nshin\\source\\repos\\UskovWA\\UskovWA\\wwwroot\\","C:\\Users\\nshin\\source\\repos\\UskovWA\\UskovWA\\obj\\Debug\\net8.0\\scopedcss\\bundle\\"],"Root":{"Children":{"app.css":{"Children":null,"Asset":{"ContentRootIndex":0,"SubPath":"app.css"},"Patterns":null},"bootstrap":{"Children":{"bootstrap.min.css":{"Children":null,"Asset":{"ContentRootIndex":0,"SubPath":"bootstrap/bootstrap.min.css"},"Patterns":null},"bootstrap.min.css.map":{"Children":null,"Asset":{"ContentRootIndex":0,"SubPath":"bootstrap/bootstrap.min.css.map"},"Patterns":null}},"Asset":null,"Patterns":null},"CSS":{"Children":{"site.css":{"Children":null,"Asset":{"ContentRootIndex":0,"SubPath":"CSS/site.css"},"Patterns":null}},"Asset":null,"Patterns":null},"favicon.png":{"Children":null,"Asset":{"ContentRootIndex":0,"SubPath":"favicon.png"},"Patterns":null},"images":{"Children":{"BaseBackground.jpg":{"Children":null,"Asset":{"ContentRootIndex":0,"SubPath":"images/BaseBackground.jpg"},"Patterns":null}},"Asset":null,"Patterns":null},"UskovWA.styles.css":{"Children":null,"Asset":{"ContentRootIndex":1,"SubPath":"UskovWA.styles.css"},"Patterns":null}},"Asset":null,"Patterns":[{"ContentRootIndex":0,"Pattern":"**","Depth":0}]}}